{
    "training_r2_score": 0.9974567532430247,
    "mae": 1105.4053125130224,
    "rmse": 2782.7768356840475,
    "r2_score": 0.98496618337585
}
