{
    "training_r2_score": 0.9974656602747337,
    "mae": 1103.4339390447913,
    "rmse": 2780.506801657057,
    "r2_score": 0.9849907008688028
}
