{
    "training_r2_score": 0.9974631514760612,
    "mae": 1106.414100804606,
    "rmse": 2788.6975674233154,
    "r2_score": 0.9849021423893454
}
