{
    "training_r2_score": 0.9974589684397069,
    "mae": 1106.849765886501,
    "rmse": 2785.9010558188943,
    "r2_score": 0.9849324075315272
}
