{
    "training_r2_score": 0.9974682086868274,
    "mae": 1105.7549050691512,
    "rmse": 2784.525563069781,
    "r2_score": 0.9849472826095492
}
