{
    "training_r2_score": 0.9773844837644299,
    "mae": 1999.518904202327,
    "rmse": 3500.828238575914,
    "r2_score": 0.9762067319981353
}
